{
  "arabica": [
    {
      "foto": "images/produk/product_capuchino.jpg",
      "nama": "Cappuccino Arabica",
      "size": "100 ml",
      "harga": "28.000",
      "link": "https://www.google.com/search?q=cappuccino+arabica&tbm=shop"
        },
    {
      "foto": "images/produk/product_espresso.jpg",
      "nama": "Pahit Arabica",
      "size": "100 Gram",
      "harga": "100.000",
      "link": "https://www.google.com/search?q=pahit+arabica&tbm=shop"
        },
    {
      "foto": "images/produk/product_latte.jpg",
      "nama": "Latte Arabica",
      "size": "150 Gram",
      "harga": "150.000",
      "link": "https://www.google.com/search?q=latte+arabica&tbm=shop"
        },
    {
      "foto": "images/produk/product_latte.jpg",
      "nama": "Latte Arabica",
      "size": "150 Gram",
      "harga": "150.000",
      "link": "https://www.google.com/search?q=latte+arabica&tbm=shop"
        },
    {
      "foto": "images/produk/product_latte.jpg",
      "nama": "Latte Arabica",
      "size": "150 Gram",
      "harga": "150.000",
      "link": "https://www.google.com/search?q=latte+arabica&tbm=shop"
        },
    {
      "foto": "images/produk/product_latte.jpg",
      "nama": "Latte Arabica",
      "size": "150 Gram",
      "harga": "150.000",
      "link": "https://www.google.com/search?q=latte+arabica&tbm=shop"
        }
    ],
  "robusta": [
    {
      "foto": "images/produk/product_kopi_susu.jpg",
      "nama": "Kopsus Robusta",
      "size": "80 ml",
      "harga": "18.000",
      "link": "https://www.google.com/search?q=kopi+susu+robusta&tbm=shop"
        },
    {
      "foto": "images/produk/product_latte.jpg",
      "nama": "Latte Robusta",
      "size": "50 ml",
      "harga": "20.00",
      "link": "https://www.google.com/search?q=latte+robusta&tbm=shop"
        },
        {
          "foto": "/images/produk/product_capuchino.jpg",
          "nama": "Capuccino Robusta",
          "size": "50 ml",
          "harga": "20.00",
          "link": "https://www.google.com/search?q=latte+robusta&tbm=shop"
        },
        {
           "foto": "/images/produk/product_espresso.jpg",
           "nama": "Espresso Robusta",
           "size": "50 ml",
           "harga": "20.00",
           "link": "https://www.google.com/search?q=latte+robusta&tbm=shop"
        }
    ]
    ,
    "nonkopi": [
      {
        "foto": "https://encrypted-tbn0.gstatic.com/images?q=tbn:ANd9GcQ4WMlRszwCHogv4Ze5ctSdwCMOI5weH-rQlg&usqp=CAU",
        "nama": "Dawet Segar",
        "size": "100 mil",
        "harga": "15.000",
        "link": "https://www.google.com/search?q=kopi+susu+robusta&tbm=shop"
            },
      {
        "foto": "https://encrypted-tbn0.gstatic.com/images?q=tbn:ANd9GcTAJwTddis4PH6tu_oPlLk7Cx0kBbjXn2YRXw&usqp=CAU",
        "nama": "Thai Tea",
        "size": "150 mil",
        "harga": "15.000",
        "link": "https://www.google.com/search?q=latte+robusta&tbm=shop"
            },
            {
              "foto": "https://encrypted-tbn0.gstatic.com/images?q=tbn:ANd9GcR6fcpZ660d9sQ8APe_G_m7zH_MOJT_Tj7ifQ&usqp=CAU",
              "nama": "lemon Tea",
              "size": "100 mil",
              "harga": "10.000",
              "link": "https://www.google.com/search?q=latte+robusta&tbm=shop"
            }
        ]
}